# id_categoria	desc_categoria	palabra
# Corpus curado para Ahorcado 1.1.0. UTF-8.
1	Paises	AFGANISTÁN
1	Paises	ALBANIA
1	Paises	ALEMANIA
1	Paises	ANDORRA
1	Paises	ANGOLA
1	Paises	ANTIGUA Y BARBUDA
1	Paises	ARABIA SAUDITA
1	Paises	ARGELIA
1	Paises	ARGENTINA
1	Paises	ARMENIA
1	Paises	AUSTRALIA
1	Paises	AUSTRIA
1	Paises	AZERBAIYÁN
1	Paises	BAHAMAS
1	Paises	BANGLADÉS
1	Paises	BARBADOS
1	Paises	BARÉIN
1	Paises	BÉLGICA
1	Paises	BELICE
1	Paises	BENÍN
1	Paises	BIELORRUSIA
1	Paises	BOLIVIA
1	Paises	BOSNIA Y HERZEGOVINA
1	Paises	BOTSUANA
1	Paises	BRASIL
1	Paises	BRUNÉI
1	Paises	BULGARIA
1	Paises	BURKINA FASO
1	Paises	BURUNDI
1	Paises	BUTÁN
1	Paises	CABO VERDE
1	Paises	CAMBOYA
1	Paises	CAMERÚN
1	Paises	CANADÁ
1	Paises	CATAR
1	Paises	CHAD
1	Paises	CHILE
1	Paises	CHINA
1	Paises	CHIPRE
1	Paises	COLOMBIA
1	Paises	COMORAS
1	Paises	COREA DEL NORTE
1	Paises	COREA DEL SUR
1	Paises	COSTA DE MARFIL
1	Paises	COSTA RICA
1	Paises	CROACIA
1	Paises	CUBA
1	Paises	DINAMARCA
1	Paises	DOMINICA
1	Paises	ECUADOR
1	Paises	EGIPTO
1	Paises	EL SALVADOR
1	Paises	EMIRATOS ÁRABES UNIDOS
1	Paises	ERITREA
1	Paises	ESLOVAQUIA
1	Paises	ESLOVENIA
1	Paises	ESPAÑA
1	Paises	ESTADOS UNIDOS
1	Paises	ESTONIA
1	Paises	ESUATINI
1	Paises	ETIOPÍA
1	Paises	FILIPINAS
1	Paises	FINLANDIA
1	Paises	FIYI
1	Paises	FRANCIA
1	Paises	GABÓN
1	Paises	GAMBIA
1	Paises	GEORGIA
1	Paises	GHANA
1	Paises	GRANADA
1	Paises	GRECIA
1	Paises	GUATEMALA
1	Paises	GUINEA
1	Paises	GUINEA BISÁU
1	Paises	GUINEA ECUATORIAL
1	Paises	GUYANA
1	Paises	HAITÍ
1	Paises	HONDURAS
1	Paises	HUNGRÍA
1	Paises	INDIA
1	Paises	INDONESIA
1	Paises	IRAK
1	Paises	IRÁN
1	Paises	IRLANDA
1	Paises	ISLANDIA
1	Paises	ISLAS MARSHALL
1	Paises	ISLAS SALOMÓN
1	Paises	ISRAEL
1	Paises	ITALIA
1	Paises	JAMAICA
1	Paises	JAPÓN
1	Paises	JORDANIA
1	Paises	KAZAJISTÁN
1	Paises	KENIA
1	Paises	KIRGUISTÁN
1	Paises	KIRIBATI
1	Paises	KUWAIT
1	Paises	LAOS
1	Paises	LESOTO
1	Paises	LETONIA
1	Paises	LÍBANO
1	Paises	LIBERIA
1	Paises	LIBIA
1	Paises	LIECHTENSTEIN
1	Paises	LITUANIA
1	Paises	LUXEMBURGO
1	Paises	MACEDONIA DEL NORTE
1	Paises	MADAGASCAR
1	Paises	MALASIA
1	Paises	MALAUI
1	Paises	MALDIVAS
1	Paises	MALÍ
1	Paises	MALTA
1	Paises	MARRUECOS
1	Paises	MAURICIO
1	Paises	MAURITANIA
1	Paises	MÉXICO
1	Paises	MICRONESIA
1	Paises	MOLDAVIA
1	Paises	MÓNACO
1	Paises	MONGOLIA
1	Paises	MONTENEGRO
1	Paises	MOZAMBIQUE
1	Paises	MYANMAR
1	Paises	NAMIBIA
1	Paises	NAURU
1	Paises	NEPAL
1	Paises	NICARAGUA
1	Paises	NÍGER
1	Paises	NIGERIA
1	Paises	NORUEGA
1	Paises	NUEVA ZELANDA
1	Paises	OMÁN
1	Paises	PAÍSES BAJOS
1	Paises	PAKISTÁN
1	Paises	PALAOS
1	Paises	PALESTINA
1	Paises	PANAMÁ
1	Paises	PAPÚA NUEVA GUINEA
1	Paises	PARAGUAY
1	Paises	PERÚ
1	Paises	POLONIA
1	Paises	PORTUGAL
1	Paises	REINO UNIDO
1	Paises	REPÚBLICA CENTROAFRICANA
1	Paises	REPÚBLICA DEL CONGO
1	Paises	CONGO DEMOCRÁTICO
1	Paises	REPÚBLICA DOMINICANA
1	Paises	RUANDA
1	Paises	RUMANIA
1	Paises	RUSIA
1	Paises	SAMOA
1	Paises	SAN CRISTÓBAL Y NIEVES
1	Paises	SAN MARINO
1	Paises	SAN VICENTE Y LAS GRANADINAS
1	Paises	SANTA LUCÍA
1	Paises	SANTO TOMÉ Y PRÍNCIPE
1	Paises	SENEGAL
1	Paises	SERBIA
1	Paises	SEYCHELLES
1	Paises	SIERRA LEONA
1	Paises	SINGAPUR
1	Paises	SIRIA
1	Paises	SOMALIA
1	Paises	SRI LANKA
1	Paises	SUDÁFRICA
1	Paises	SUDÁN
1	Paises	SUDÁN DEL SUR
1	Paises	SUECIA
1	Paises	SUIZA
1	Paises	SURINAM
1	Paises	TAILANDIA
1	Paises	TANZANIA
1	Paises	TAYIKISTÁN
1	Paises	TIMOR ORIENTAL
1	Paises	TOGO
1	Paises	TONGA
1	Paises	TRINIDAD Y TOBAGO
1	Paises	TÚNEZ
1	Paises	TURKMENISTÁN
1	Paises	TURQUÍA
1	Paises	TUVALU
1	Paises	UCRANIA
1	Paises	UGANDA
1	Paises	URUGUAY
1	Paises	UZBEKISTÁN
1	Paises	VANUATU
1	Paises	VATICANO
1	Paises	VENEZUELA
1	Paises	VIETNAM
1	Paises	YEMEN
1	Paises	YIBUTI
1	Paises	ZAMBIA
1	Paises	ZIMBABUE
1	Paises	CHEQUIA
2	Ciudades	BUENOS AIRES
2	Ciudades	CÓRDOBA
2	Ciudades	ROSARIO
2	Ciudades	MENDOZA
2	Ciudades	MAR DEL PLATA
2	Ciudades	BARILOCHE
2	Ciudades	MONTEVIDEO
2	Ciudades	SANTIAGO
2	Ciudades	VALPARAÍSO
2	Ciudades	ASUNCIÓN
2	Ciudades	LA PAZ
2	Ciudades	SANTA CRUZ
2	Ciudades	LIMA
2	Ciudades	CUSCO
2	Ciudades	SÃO PAULO
2	Ciudades	RÍO DE JANEIRO
2	Ciudades	BRASILIA
2	Ciudades	SALVADOR
2	Ciudades	PORTO ALEGRE
2	Ciudades	BOGOTÁ
2	Ciudades	MEDELLÍN
2	Ciudades	CARTAGENA
2	Ciudades	CALI
2	Ciudades	QUITO
2	Ciudades	GUAYAQUIL
2	Ciudades	CARACAS
2	Ciudades	CIUDAD DE MÉXICO
2	Ciudades	GUADALAJARA
2	Ciudades	MONTERREY
2	Ciudades	CANCÚN
2	Ciudades	CIUDAD DE PANAMÁ
2	Ciudades	SAN JOSÉ
2	Ciudades	CIUDAD DE GUATEMALA
2	Ciudades	SAN SALVADOR
2	Ciudades	TEGUCIGALPA
2	Ciudades	MANAGUA
2	Ciudades	LA HABANA
2	Ciudades	SANTO DOMINGO
2	Ciudades	SAN JUAN
2	Ciudades	KINGSTON
2	Ciudades	NUEVA YORK
2	Ciudades	LOS ÁNGELES
2	Ciudades	CHICAGO
2	Ciudades	MIAMI
2	Ciudades	BOSTON
2	Ciudades	SAN FRANCISCO
2	Ciudades	LAS VEGAS
2	Ciudades	WASHINGTON
2	Ciudades	SEATTLE
2	Ciudades	NUEVA ORLEANS
2	Ciudades	TORONTO
2	Ciudades	MONTREAL
2	Ciudades	VANCOUVER
2	Ciudades	OTTAWA
2	Ciudades	MADRID
2	Ciudades	BARCELONA
2	Ciudades	SEVILLA
2	Ciudades	VALENCIA
2	Ciudades	BILBAO
2	Ciudades	MÁLAGA
2	Ciudades	LISBOA
2	Ciudades	OPORTO
2	Ciudades	PARÍS
2	Ciudades	LONDRES
2	Ciudades	MANCHESTER
2	Ciudades	LIVERPOOL
2	Ciudades	EDIMBURGO
2	Ciudades	DUBLÍN
2	Ciudades	ROMA
2	Ciudades	MILÁN
2	Ciudades	VENECIA
2	Ciudades	FLORENCIA
2	Ciudades	NÁPOLES
2	Ciudades	TURÍN
2	Ciudades	BERLÍN
2	Ciudades	MÚNICH
2	Ciudades	HAMBURGO
2	Ciudades	FRÁNCFORT
2	Ciudades	COLONIA
2	Ciudades	ÁMSTERDAM
2	Ciudades	BRUSELAS
2	Ciudades	LUXEMBURGO
2	Ciudades	ZÚRICH
2	Ciudades	GINEBRA
2	Ciudades	VIENA
2	Ciudades	PRAGA
2	Ciudades	VARSOVIA
2	Ciudades	CRACOVIA
2	Ciudades	BUDAPEST
2	Ciudades	ATENAS
2	Ciudades	ESTAMBUL
2	Ciudades	COPENHAGUE
2	Ciudades	ESTOCOLMO
2	Ciudades	OSLO
2	Ciudades	HELSINKI
2	Ciudades	REIKIAVIK
2	Ciudades	BELGRADO
2	Ciudades	ZAGREB
2	Ciudades	DUBROVNIK
2	Ciudades	SOFÍA
2	Ciudades	BUCAREST
2	Ciudades	MOSCÚ
2	Ciudades	SAN PETERSBURGO
2	Ciudades	DUBÁI
2	Ciudades	ABU DABI
2	Ciudades	DOHA
2	Ciudades	JERUSALÉN
2	Ciudades	TEL AVIV
2	Ciudades	RIAD
2	Ciudades	TEHERÁN
2	Ciudades	BAGDAD
2	Ciudades	EL CAIRO
2	Ciudades	ALEJANDRÍA
2	Ciudades	CASABLANCA
2	Ciudades	MARRAKECH
2	Ciudades	TÚNEZ
2	Ciudades	ARGEL
2	Ciudades	CIUDAD DEL CABO
2	Ciudades	JOHANNESBURGO
2	Ciudades	NAIROBI
2	Ciudades	ADDIS ABEBA
2	Ciudades	DAKAR
2	Ciudades	LAGOS
2	Ciudades	ACRA
2	Ciudades	TOKIO
2	Ciudades	OSAKA
2	Ciudades	KIOTO
2	Ciudades	SEÚL
2	Ciudades	PEKÍN
2	Ciudades	SHANGHÁI
2	Ciudades	HONG KONG
2	Ciudades	TAIPÉI
2	Ciudades	BANGKOK
2	Ciudades	SINGAPUR
2	Ciudades	KUALA LUMPUR
2	Ciudades	YAKARTA
2	Ciudades	MANILA
2	Ciudades	HANOI
2	Ciudades	HO CHI MINH
2	Ciudades	NUEVA DELHI
2	Ciudades	MUMBAI
2	Ciudades	BANGALORE
2	Ciudades	KATMANDÚ
2	Ciudades	COLOMBO
2	Ciudades	SÍDNEY
2	Ciudades	MELBOURNE
2	Ciudades	BRISBANE
2	Ciudades	PERTH
2	Ciudades	AUCKLAND
2	Ciudades	WELLINGTON
3	Marcas de autos	ABARTH
3	Marcas de autos	ALFA ROMEO
3	Marcas de autos	ALPINE
3	Marcas de autos	ASTON MARTIN
3	Marcas de autos	AUDI
3	Marcas de autos	BENTLEY
3	Marcas de autos	BMW
3	Marcas de autos	BUICK
3	Marcas de autos	BYD
3	Marcas de autos	CADILLAC
3	Marcas de autos	CHEVROLET
3	Marcas de autos	CHRYSLER
3	Marcas de autos	CITROËN
3	Marcas de autos	CUPRA
3	Marcas de autos	DACIA
3	Marcas de autos	DAIHATSU
3	Marcas de autos	DODGE
3	Marcas de autos	FERRARI
3	Marcas de autos	FIAT
3	Marcas de autos	FORD
3	Marcas de autos	GENESIS
3	Marcas de autos	GMC
3	Marcas de autos	HONDA
3	Marcas de autos	HUMMER
3	Marcas de autos	HYUNDAI
3	Marcas de autos	INFINITI
3	Marcas de autos	ISUZU
3	Marcas de autos	JAGUAR
3	Marcas de autos	JEEP
3	Marcas de autos	KIA
3	Marcas de autos	LAMBORGHINI
3	Marcas de autos	LANCIA
3	Marcas de autos	LAND ROVER
3	Marcas de autos	LEXUS
3	Marcas de autos	LINCOLN
3	Marcas de autos	LOTUS
3	Marcas de autos	MASERATI
3	Marcas de autos	MAZDA
3	Marcas de autos	MCLAREN
3	Marcas de autos	MERCEDES-BENZ
3	Marcas de autos	MINI
3	Marcas de autos	MITSUBISHI
3	Marcas de autos	NISSAN
3	Marcas de autos	OPEL
3	Marcas de autos	PAGANI
3	Marcas de autos	PEUGEOT
3	Marcas de autos	POLESTAR
3	Marcas de autos	PONTIAC
3	Marcas de autos	PORSCHE
3	Marcas de autos	RAM
3	Marcas de autos	RENAULT
3	Marcas de autos	ROLLS-ROYCE
3	Marcas de autos	SAAB
3	Marcas de autos	SEAT
3	Marcas de autos	ŠKODA
3	Marcas de autos	SMART
3	Marcas de autos	SUBARU
3	Marcas de autos	SUZUKI
3	Marcas de autos	TESLA
3	Marcas de autos	TOYOTA
3	Marcas de autos	VOLKSWAGEN
3	Marcas de autos	VOLVO
4	Bandas de Rock	THE BEATLES
4	Bandas de Rock	THE ROLLING STONES
4	Bandas de Rock	LED ZEPPELIN
4	Bandas de Rock	PINK FLOYD
4	Bandas de Rock	QUEEN
4	Bandas de Rock	THE WHO
4	Bandas de Rock	THE DOORS
4	Bandas de Rock	DEEP PURPLE
4	Bandas de Rock	BLACK SABBATH
4	Bandas de Rock	AEROSMITH
4	Bandas de Rock	KISS
4	Bandas de Rock	AC/DC
4	Bandas de Rock	FLEETWOOD MAC
4	Bandas de Rock	EAGLES
4	Bandas de Rock	DIRE STRAITS
4	Bandas de Rock	GENESIS
4	Bandas de Rock	YES
4	Bandas de Rock	RUSH
4	Bandas de Rock	JOURNEY
4	Bandas de Rock	FOREIGNER
4	Bandas de Rock	BOSTON
4	Bandas de Rock	TOTO
4	Bandas de Rock	SUPERTRAMP
4	Bandas de Rock	ELECTRIC LIGHT ORCHESTRA
4	Bandas de Rock	LYNYRD SKYNYRD
4	Bandas de Rock	ZZ TOP
4	Bandas de Rock	VAN HALEN
4	Bandas de Rock	DEF LEPPARD
4	Bandas de Rock	BON JOVI
4	Bandas de Rock	GUNS N' ROSES
4	Bandas de Rock	METALLICA
4	Bandas de Rock	IRON MAIDEN
4	Bandas de Rock	JUDAS PRIEST
4	Bandas de Rock	SCORPIONS
4	Bandas de Rock	MOTÖRHEAD
4	Bandas de Rock	MEGADETH
4	Bandas de Rock	SLAYER
4	Bandas de Rock	ANTHRAX
4	Bandas de Rock	PANTERA
4	Bandas de Rock	SEPULTURA
4	Bandas de Rock	DREAM THEATER
4	Bandas de Rock	EUROPE
4	Bandas de Rock	WHITESNAKE
4	Bandas de Rock	MÖTLEY CRÜE
4	Bandas de Rock	POISON
4	Bandas de Rock	TWISTED SISTER
4	Bandas de Rock	SKID ROW
4	Bandas de Rock	ALICE IN CHAINS
4	Bandas de Rock	SOUNDGARDEN
4	Bandas de Rock	PEARL JAM
4	Bandas de Rock	NIRVANA
4	Bandas de Rock	FOO FIGHTERS
4	Bandas de Rock	STONE TEMPLE PILOTS
4	Bandas de Rock	RED HOT CHILI PEPPERS
4	Bandas de Rock	THE SMASHING PUMPKINS
4	Bandas de Rock	RADIOHEAD
4	Bandas de Rock	OASIS
4	Bandas de Rock	BLUR
4	Bandas de Rock	PULP
4	Bandas de Rock	THE VERVE
4	Bandas de Rock	MUSE
4	Bandas de Rock	COLDPLAY
4	Bandas de Rock	ARCTIC MONKEYS
4	Bandas de Rock	THE STROKES
4	Bandas de Rock	THE KILLERS
4	Bandas de Rock	KINGS OF LEON
4	Bandas de Rock	FRANZ FERDINAND
4	Bandas de Rock	LINKIN PARK
4	Bandas de Rock	GREEN DAY
4	Bandas de Rock	THE OFFSPRING
4	Bandas de Rock	BLINK 182
4	Bandas de Rock	SUM 41
4	Bandas de Rock	PARAMORE
4	Bandas de Rock	EVANESCENCE
4	Bandas de Rock	GARBAGE
4	Bandas de Rock	NO DOUBT
4	Bandas de Rock	WEEZER
4	Bandas de Rock	R.E.M.
4	Bandas de Rock	U2
4	Bandas de Rock	THE CURE
4	Bandas de Rock	DEPECHE MODE
4	Bandas de Rock	NEW ORDER
4	Bandas de Rock	JOY DIVISION
4	Bandas de Rock	THE SMITHS
4	Bandas de Rock	TALKING HEADS
4	Bandas de Rock	BLONDIE
4	Bandas de Rock	RAMONES
4	Bandas de Rock	THE CLASH
4	Bandas de Rock	SEX PISTOLS
4	Bandas de Rock	DEAD KENNEDYS
4	Bandas de Rock	PIXIES
4	Bandas de Rock	SONIC YOUTH
4	Bandas de Rock	JANE'S ADDICTION
4	Bandas de Rock	RAGE AGAINST THE MACHINE
4	Bandas de Rock	SYSTEM OF A DOWN
4	Bandas de Rock	KORN
4	Bandas de Rock	LIMP BIZKIT
4	Bandas de Rock	SLIPKNOT
4	Bandas de Rock	TOOL
4	Bandas de Rock	NINE INCH NAILS
4	Bandas de Rock	FAITH NO MORE
4	Bandas de Rock	PRIMUS
4	Bandas de Rock	THE BLACK KEYS
4	Bandas de Rock	THE WHITE STRIPES
4	Bandas de Rock	PLACEBO
4	Bandas de Rock	INTERPOL
4	Bandas de Rock	THE CRANBERRIES
4	Bandas de Rock	THE POLICE
4	Bandas de Rock	SODA STEREO
4	Bandas de Rock	VIRUS
4	Bandas de Rock	SUMO
4	Bandas de Rock	LOS REDONDOS
4	Bandas de Rock	DIVIDIDOS
4	Bandas de Rock	LAS PELOTAS
4	Bandas de Rock	BABASÓNICOS
4	Bandas de Rock	LOS PIOJOS
4	Bandas de Rock	LA RENGA
4	Bandas de Rock	BERSUIT VERGARABAT
4	Bandas de Rock	CATUPECU MACHU
4	Bandas de Rock	LOS FABULOSOS CADILLACS
4	Bandas de Rock	ENANITOS VERDES
4	Bandas de Rock	RATA BLANCA
4	Bandas de Rock	AIRBAG
4	Bandas de Rock	HÉROES DEL SILENCIO
4	Bandas de Rock	EXTREMODURO
4	Bandas de Rock	MAGO DE OZ
4	Bandas de Rock	BARÓN ROJO
4	Bandas de Rock	LOS RODRÍGUEZ
4	Bandas de Rock	DUNCAN DHU
4	Bandas de Rock	MANÁ
4	Bandas de Rock	CAFÉ TACVBA
4	Bandas de Rock	MOLOTOV
4	Bandas de Rock	ATERCIOPELADOS
4	Bandas de Rock	LOS PRISIONEROS
4	Bandas de Rock	LOS BUNKERS
4	Bandas de Rock	LA LEY
4	Bandas de Rock	ZOÉ
4	Bandas de Rock	CAIFANES
4	Bandas de Rock	LOS TRES
4	Bandas de Rock	LEGIÃO URBANA
4	Bandas de Rock	TITÃS
5	Equipos de futbol	BOCA JUNIORS
5	Equipos de futbol	RIVER PLATE
5	Equipos de futbol	RACING CLUB
5	Equipos de futbol	INDEPENDIENTE
5	Equipos de futbol	SAN LORENZO
5	Equipos de futbol	VÉLEZ SARSFIELD
5	Equipos de futbol	HURACÁN
5	Equipos de futbol	ESTUDIANTES
5	Equipos de futbol	GIMNASIA LA PLATA
5	Equipos de futbol	ROSARIO CENTRAL
5	Equipos de futbol	NEWELL'S OLD BOYS
5	Equipos de futbol	ARGENTINOS JUNIORS
5	Equipos de futbol	TALLERES
5	Equipos de futbol	BELGRANO
5	Equipos de futbol	INSTITUTO
5	Equipos de futbol	LANÚS
5	Equipos de futbol	BANFIELD
5	Equipos de futbol	DEFENSA Y JUSTICIA
5	Equipos de futbol	TIGRE
5	Equipos de futbol	PLATENSE
5	Equipos de futbol	FERRO CARRIL OESTE
5	Equipos de futbol	CHACARITA JUNIORS
5	Equipos de futbol	QUILMES
5	Equipos de futbol	NUEVA CHICAGO
5	Equipos de futbol	ALL BOYS
5	Equipos de futbol	ATLANTA
5	Equipos de futbol	COLÓN
5	Equipos de futbol	UNIÓN DE SANTA FE
5	Equipos de futbol	GODOY CRUZ
5	Equipos de futbol	SAN MARTÍN DE TUCUMÁN
5	Equipos de futbol	ATLÉTICO TUCUMÁN
5	Equipos de futbol	CENTRAL CÓRDOBA
5	Equipos de futbol	SARMIENTO
5	Equipos de futbol	INDEPENDIENTE RIVADAVIA
5	Equipos de futbol	ALDOSIVI
5	Equipos de futbol	FLAMENGO
5	Equipos de futbol	FLUMINENSE
5	Equipos de futbol	VASCO DA GAMA
5	Equipos de futbol	BOTAFOGO
5	Equipos de futbol	CORINTHIANS
5	Equipos de futbol	PALMEIRAS
5	Equipos de futbol	SÃO PAULO
5	Equipos de futbol	SANTOS
5	Equipos de futbol	GRÊMIO
5	Equipos de futbol	INTERNACIONAL
5	Equipos de futbol	CRUZEIRO
5	Equipos de futbol	ATLÉTICO MINEIRO
5	Equipos de futbol	ATHLETICO PARANAENSE
5	Equipos de futbol	CORITIBA
5	Equipos de futbol	BAHIA
5	Equipos de futbol	SPORT RECIFE
5	Equipos de futbol	FORTALEZA
5	Equipos de futbol	CEARÁ
5	Equipos de futbol	PEÑAROL
5	Equipos de futbol	NACIONAL
5	Equipos de futbol	DEFENSOR SPORTING
5	Equipos de futbol	DANUBIO
5	Equipos de futbol	LIVERPOOL MONTEVIDEO
5	Equipos de futbol	MONTEVIDEO WANDERERS
5	Equipos de futbol	CERRO PORTEÑO
5	Equipos de futbol	OLIMPIA
5	Equipos de futbol	LIBERTAD
5	Equipos de futbol	GUARANÍ
5	Equipos de futbol	NACIONAL ASUNCIÓN
5	Equipos de futbol	SPORTIVO LUQUEÑO
5	Equipos de futbol	COLO COLO
5	Equipos de futbol	UNIVERSIDAD DE CHILE
5	Equipos de futbol	UNIVERSIDAD CATÓLICA
5	Equipos de futbol	COBRELOA
5	Equipos de futbol	PALESTINO
5	Equipos de futbol	UNIÓN ESPAÑOLA
5	Equipos de futbol	AUDAX ITALIANO
5	Equipos de futbol	EVERTON DE VIÑA DEL MAR
5	Equipos de futbol	HUACHIPATO
5	Equipos de futbol	ATLÉTICO NACIONAL
5	Equipos de futbol	MILLONARIOS
5	Equipos de futbol	AMÉRICA DE CALI
5	Equipos de futbol	DEPORTIVO CALI
5	Equipos de futbol	JUNIOR
5	Equipos de futbol	INDEPENDIENTE SANTA FE
5	Equipos de futbol	ONCE CALDAS
5	Equipos de futbol	DEPORTES TOLIMA
5	Equipos de futbol	INDEPENDIENTE MEDELLÍN
5	Equipos de futbol	ALIANZA LIMA
5	Equipos de futbol	UNIVERSITARIO
5	Equipos de futbol	SPORTING CRISTAL
5	Equipos de futbol	CIENCIANO
5	Equipos de futbol	MELGAR
5	Equipos de futbol	SPORT BOYS
5	Equipos de futbol	DEPORTIVO MUNICIPAL
5	Equipos de futbol	BARCELONA SC
5	Equipos de futbol	EMELEC
5	Equipos de futbol	LIGA DE QUITO
5	Equipos de futbol	INDEPENDIENTE DEL VALLE
5	Equipos de futbol	EL NACIONAL
5	Equipos de futbol	DEPORTIVO QUITO
5	Equipos de futbol	AUCAS
5	Equipos de futbol	BOLÍVAR
5	Equipos de futbol	THE STRONGEST
5	Equipos de futbol	JORGE WILSTERMANN
5	Equipos de futbol	CARACAS
5	Equipos de futbol	DEPORTIVO TÁCHIRA
5	Equipos de futbol	AMÉRICA
5	Equipos de futbol	CHIVAS GUADALAJARA
5	Equipos de futbol	CRUZ AZUL
5	Equipos de futbol	PUMAS UNAM
5	Equipos de futbol	MONTERREY
5	Equipos de futbol	TIGRES UANL
5	Equipos de futbol	INTER MIAMI
5	Equipos de futbol	LOS ANGELES GALAXY
5	Equipos de futbol	SEATTLE SOUNDERS
5	Equipos de futbol	NEW YORK CITY
5	Equipos de futbol	REAL MADRID
5	Equipos de futbol	BARCELONA
5	Equipos de futbol	ATLÉTICO DE MADRID
5	Equipos de futbol	ATHLETIC BILBAO
5	Equipos de futbol	SEVILLA
5	Equipos de futbol	VALENCIA
5	Equipos de futbol	VILLARREAL
5	Equipos de futbol	REAL SOCIEDAD
5	Equipos de futbol	REAL BETIS
5	Equipos de futbol	CELTA DE VIGO
5	Equipos de futbol	DEPORTIVO LA CORUÑA
5	Equipos de futbol	MÁLAGA
5	Equipos de futbol	MANCHESTER UNITED
5	Equipos de futbol	MANCHESTER CITY
5	Equipos de futbol	LIVERPOOL
5	Equipos de futbol	ARSENAL
5	Equipos de futbol	CHELSEA
5	Equipos de futbol	TOTTENHAM
5	Equipos de futbol	NEWCASTLE UNITED
5	Equipos de futbol	ASTON VILLA
5	Equipos de futbol	EVERTON
5	Equipos de futbol	WEST HAM
5	Equipos de futbol	LEICESTER CITY
5	Equipos de futbol	LEEDS UNITED
5	Equipos de futbol	NOTTINGHAM FOREST
5	Equipos de futbol	WOLVERHAMPTON
5	Equipos de futbol	JUVENTUS
5	Equipos de futbol	INTER
5	Equipos de futbol	MILAN
5	Equipos de futbol	ROMA
5	Equipos de futbol	LAZIO
5	Equipos de futbol	NAPOLI
5	Equipos de futbol	FIORENTINA
5	Equipos de futbol	ATALANTA
5	Equipos de futbol	TORINO
5	Equipos de futbol	BOLOGNA
5	Equipos de futbol	PARMA
5	Equipos de futbol	SAMPDORIA
5	Equipos de futbol	BAYERN MÚNICH
5	Equipos de futbol	BORUSSIA DORTMUND
5	Equipos de futbol	BAYER LEVERKUSEN
5	Equipos de futbol	RB LEIPZIG
5	Equipos de futbol	SCHALKE 04
5	Equipos de futbol	WERDER BREMEN
5	Equipos de futbol	EINTRACHT FRANKFURT
5	Equipos de futbol	STUTTGART
5	Equipos de futbol	HAMBURGO
5	Equipos de futbol	PARIS SAINT GERMAIN
5	Equipos de futbol	OLYMPIQUE DE MARSELLA
5	Equipos de futbol	OLYMPIQUE DE LYON
5	Equipos de futbol	MÓNACO
5	Equipos de futbol	LILLE
5	Equipos de futbol	NANTES
5	Equipos de futbol	BORDEAUX
5	Equipos de futbol	SAINT ÉTIENNE
5	Equipos de futbol	BENFICA
5	Equipos de futbol	PORTO
5	Equipos de futbol	SPORTING LISBOA
5	Equipos de futbol	AJAX
5	Equipos de futbol	PSV EINDHOVEN
5	Equipos de futbol	FEYENOORD
5	Equipos de futbol	CELTIC
5	Equipos de futbol	RANGERS
5	Equipos de futbol	ANDERLECHT
5	Equipos de futbol	BRUJAS
5	Equipos de futbol	GALATASARAY
5	Equipos de futbol	FENERBAHÇE
5	Equipos de futbol	OLYMPIACOS
6	Peliculas	EL PADRINO
6	Peliculas	EL PADRINO II
6	Peliculas	CASABLANCA
6	Peliculas	PSICOSIS
6	Peliculas	VÉRTIGO
6	Peliculas	CIUDADANO KANE
6	Peliculas	LO QUE EL VIENTO SE LLEVÓ
6	Peliculas	BEN HUR
6	Peliculas	LAWRENCE DE ARABIA
6	Peliculas	DOCE HOMBRES EN PUGNA
6	Peliculas	CANTANDO BAJO LA LLUVIA
6	Peliculas	UNA EVA Y DOS ADANES
6	Peliculas	EL APARTAMENTO
6	Peliculas	TAXI DRIVER
6	Peliculas	TIBURÓN
6	Peliculas	ROCKY
6	Peliculas	APOCALYPSE NOW
6	Peliculas	EL RESPLANDOR
6	Peliculas	LA NARANJA MECÁNICA
6	Peliculas	CHINATOWN
6	Peliculas	TORO SALVAJE
6	Peliculas	SCARFACE
6	Peliculas	LOS INTOCABLES
6	Peliculas	BUENOS MUCHACHOS
6	Peliculas	CASINO
6	Peliculas	ÉRASE UNA VEZ EN AMÉRICA
6	Peliculas	EL FRANCOTIRADOR
6	Peliculas	PLATOON
6	Peliculas	NACIDO PARA MATAR
6	Peliculas	RAIN MAN
6	Peliculas	VOLVER AL FUTURO
6	Peliculas	VOLVER AL FUTURO II
6	Peliculas	LOS CAZAFANTASMAS
6	Peliculas	GREMLINS
6	Peliculas	E.T. EL EXTRATERRESTRE
6	Peliculas	LOS GOONIES
6	Peliculas	TOP GUN
6	Peliculas	COCODRILO DUNDEE
6	Peliculas	DURO DE MATAR
6	Peliculas	ARMA MORTAL
6	Peliculas	ROBOCOP
6	Peliculas	TERMINATOR
6	Peliculas	TERMINATOR 2 EL JUICIO FINAL
6	Peliculas	ALIEN EL OCTAVO PASAJERO
6	Peliculas	ALIENS EL REGRESO
6	Peliculas	DEPREDADOR
6	Peliculas	EL SILENCIO DE LOS INOCENTES
6	Peliculas	SEVEN LOS SIETE PECADOS CAPITALES
6	Peliculas	TIEMPOS VIOLENTOS
6	Peliculas	PERROS DE LA CALLE
6	Peliculas	FORREST GUMP
6	Peliculas	CORAZÓN VALIENTE
6	Peliculas	GLADIADOR
6	Peliculas	RESCATANDO AL SOLDADO RYAN
6	Peliculas	LA LISTA DE SCHINDLER
6	Peliculas	EL SHOW DE TRUMAN
6	Peliculas	MILAGROS INESPERADOS
6	Peliculas	SEXTO SENTIDO
6	Peliculas	BELLEZA AMERICANA
6	Peliculas	EL CLUB DE LA PELEA
6	Peliculas	EL GRAN LEBOWSKI
6	Peliculas	FARGO
6	Peliculas	FUEGO CONTRA FUEGO
6	Peliculas	LOS SOSPECHOSOS DE SIEMPRE
6	Peliculas	LA ROCA
6	Peliculas	CON AIR
6	Peliculas	MÁXIMA VELOCIDAD
6	Peliculas	EL FUGITIVO
6	Peliculas	MISIÓN IMPOSIBLE
6	Peliculas	DÍA DE LA INDEPENDENCIA
6	Peliculas	ARMAGEDDON
6	Peliculas	IMPACTO PROFUNDO
6	Peliculas	HOMBRES DE NEGRO
6	Peliculas	JURASSIC PARK
6	Peliculas	TITANIC
6	Peliculas	MENTIRAS VERDADERAS
6	Peliculas	EL GUARDAESPALDAS
6	Peliculas	MUJER BONITA
6	Peliculas	GHOST LA SOMBRA DEL AMOR
6	Peliculas	MATRIX
6	Peliculas	MATRIX RECARGADO
6	Peliculas	STAR WARS
6	Peliculas	EL IMPERIO CONTRAATACA
6	Peliculas	EL RETORNO DEL JEDI
6	Peliculas	LA AMENAZA FANTASMA
6	Peliculas	EL ATAQUE DE LOS CLONES
6	Peliculas	LA VENGANZA DE LOS SITH
6	Peliculas	ROGUE ONE
6	Peliculas	EL DESPERTAR DE LA FUERZA
6	Peliculas	BLADE RUNNER
6	Peliculas	BLADE RUNNER 2049
6	Peliculas	2001 ODISEA DEL ESPACIO
6	Peliculas	DUNA
6	Peliculas	DUNA PARTE DOS
6	Peliculas	INTERESTELAR
6	Peliculas	EL ORIGEN
6	Peliculas	GRAVEDAD
6	Peliculas	MISIÓN RESCATE
6	Peliculas	CONTACTO
6	Peliculas	MINORITY REPORT
6	Peliculas	YO ROBOT
6	Peliculas	EX MACHINA
6	Peliculas	EL QUINTO ELEMENTO
6	Peliculas	DOCE MONOS
6	Peliculas	EL PLANETA DE LOS SIMIOS
6	Peliculas	AVATAR
6	Peliculas	AVATAR EL CAMINO DEL AGUA
6	Peliculas	EL SEÑOR DE LOS ANILLOS LA COMUNIDAD DEL ANILLO
6	Peliculas	EL SEÑOR DE LOS ANILLOS LAS DOS TORRES
6	Peliculas	EL SEÑOR DE LOS ANILLOS EL RETORNO DEL REY
6	Peliculas	EL HOBBIT UN VIAJE INESPERADO
6	Peliculas	HARRY POTTER Y EL CÁLIZ DE FUEGO
6	Peliculas	HARRY POTTER Y LA PIEDRA FILOSOFAL
6	Peliculas	HARRY POTTER Y LA CÁMARA SECRETA
6	Peliculas	HARRY POTTER Y EL PRISIONERO DE AZKABAN
6	Peliculas	LAS CRÓNICAS DE NARNIA
6	Peliculas	PIRATAS DEL CARIBE LA MALDICIÓN DEL PERLA NEGRA
6	Peliculas	EL LABERINTO DEL FAUNO
6	Peliculas	BATMAN
6	Peliculas	BATMAN REGRESA
6	Peliculas	BATMAN INICIA
6	Peliculas	BATMAN EL CABALLERO DE LA NOCHE
6	Peliculas	THE BATMAN
6	Peliculas	SUPERMAN
6	Peliculas	SPIDER MAN
6	Peliculas	SPIDER MAN 2
6	Peliculas	IRON MAN
6	Peliculas	LOS VENGADORES
6	Peliculas	AVENGERS INFINITY WAR
6	Peliculas	AVENGERS ENDGAME
6	Peliculas	CAPITÁN AMÉRICA EL PRIMER VENGADOR
6	Peliculas	GUARDIANES DE LA GALAXIA
6	Peliculas	PANTERA NEGRA
6	Peliculas	DEADPOOL
6	Peliculas	LOGAN
6	Peliculas	X MEN
6	Peliculas	WATCHMEN
6	Peliculas	JOKER
6	Peliculas	SIN CONTROL JOHN WICK
6	Peliculas	KILL BILL
6	Peliculas	MAD MAX
6	Peliculas	MAD MAX FURIA EN EL CAMINO
6	Peliculas	RAMBO
6	Peliculas	COMANDO
6	Peliculas	ROCKY IV
6	Peliculas	CREED CORAZÓN DE CAMPEÓN
6	Peliculas	BÚSQUEDA IMPLACABLE
6	Peliculas	EL TRANSPORTADOR
6	Peliculas	TOY STORY
6	Peliculas	TOY STORY 2
6	Peliculas	TOY STORY 3
6	Peliculas	BUSCANDO A NEMO
6	Peliculas	LOS INCREÍBLES
6	Peliculas	RATATOUILLE
6	Peliculas	WALL E
6	Peliculas	UP UNA AVENTURA DE ALTURA
6	Peliculas	COCO
6	Peliculas	INTENSAMENTE
6	Peliculas	MONSTERS INC
6	Peliculas	CARS
6	Peliculas	SHREK
6	Peliculas	SHREK 2
6	Peliculas	MADAGASCAR
6	Peliculas	KUNG FU PANDA
6	Peliculas	CÓMO ENTRENAR A TU DRAGÓN
6	Peliculas	MI VILLANO FAVORITO
6	Peliculas	LA ERA DE HIELO
6	Peliculas	RIO
6	Peliculas	EL REY LEÓN
6	Peliculas	ALADDÍN
6	Peliculas	LA BELLA Y LA BESTIA
6	Peliculas	MULÁN
6	Peliculas	TARZÁN
6	Peliculas	FROZEN
6	Peliculas	MOANA
6	Peliculas	ENCANTO
6	Peliculas	ZOOTOPIA
6	Peliculas	LILO Y STITCH
6	Peliculas	MI VECINO TOTORO
6	Peliculas	EL VIAJE DE CHIHIRO
6	Peliculas	MI POBRE ANGELITO
6	Peliculas	UNA NOCHE EN EL MUSEO
6	Peliculas	¿QUÉ PASÓ AYER?
6	Peliculas	TONTO Y RETONTO
6	Peliculas	LA MÁSCARA
6	Peliculas	ACE VENTURA DETECTIVE DE MASCOTAS
6	Peliculas	TODOPODEROSO
6	Peliculas	MENTIROSO MENTIROSO
6	Peliculas	CLICK
6	Peliculas	ZOOLANDER
6	Peliculas	EL DIARIO DE BRIDGET JONES
6	Peliculas	UN LUGAR LLAMADO NOTTING HILL
6	Peliculas	REALMENTE AMOR
6	Peliculas	CUANDO HARRY CONOCIÓ A SALLY
6	Peliculas	DIARIO DE UNA PASIÓN
6	Peliculas	LA LA LAND
6	Peliculas	MUJERES AL BORDE DE UN ATAQUE DE NERVIOS
6	Peliculas	EL DISCURSO DEL REY
6	Peliculas	UNA MENTE BRILLANTE
6	Peliculas	EN BUSCA DE LA FELICIDAD
6	Peliculas	NÁUFRAGO
6	Peliculas	EL CURIOSO CASO DE BENJAMIN BUTTON
6	Peliculas	EL EXORCISTA
6	Peliculas	HALLOWEEN
6	Peliculas	VIERNES 13
6	Peliculas	PESADILLA EN LO PROFUNDO DE LA NOCHE
6	Peliculas	SCREAM
6	Peliculas	EL ARO
6	Peliculas	EL CONJURO
6	Peliculas	LA NOCHE DEL DEMONIO
6	Peliculas	ACTIVIDAD PARANORMAL
6	Peliculas	REC
6	Peliculas	EL PROYECTO BLAIR WITCH
6	Peliculas	NO RESPIRES
6	Peliculas	HUYE
6	Peliculas	NOSOTROS
6	Peliculas	MIDSOMMAR
6	Peliculas	EL LEGADO DEL DIABLO
6	Peliculas	UN LUGAR EN SILENCIO
6	Peliculas	IT
6	Peliculas	CARRIE
6	Peliculas	MISERY
6	Peliculas	LOS INFILTRADOS
6	Peliculas	SICARIO
6	Peliculas	ZODIACO
6	Peliculas	LA SOSPECHA
6	Peliculas	LA ISLA SINIESTRA
6	Peliculas	EL SECRETO DE SUS OJOS
6	Peliculas	ENTRE NAVAJAS Y SECRETOS
6	Peliculas	PERDIDA
6	Peliculas	MEMENTO
6	Peliculas	EL GRAN TRUCO
6	Peliculas	NUEVE REINAS
6	Peliculas	RELATOS SALVAJES
6	Peliculas	ESPERANDO LA CARROZA
6	Peliculas	EL HIJO DE LA NOVIA
6	Peliculas	UN CUENTO CHINO
6	Peliculas	LA HISTORIA OFICIAL
6	Peliculas	METEGOL
6	Peliculas	EL CLAN
6	Peliculas	EL ÁNGEL
6	Peliculas	TIEMPO DE VALIENTES
6	Peliculas	TESIS SOBRE UN HOMICIDIO
6	Peliculas	AMORES PERROS
6	Peliculas	Y TU MAMÁ TAMBIÉN
6	Peliculas	ROMA
6	Peliculas	CIUDAD DE DIOS
6	Peliculas	TODO SOBRE MI MADRE
6	Peliculas	MAR ADENTRO
6	Peliculas	EL ORFANATO
